kind,etag,id/kind,id/videoId,snippet/publishedAt,snippet/channelId,snippet/title,snippet/description,snippet/thumbnails/default/url,snippet/thumbnails/default/width,snippet/thumbnails/default/height,snippet/thumbnails/medium/url,snippet/thumbnails/medium/width,snippet/thumbnails/medium/height,snippet/thumbnails/high/url,snippet/thumbnails/high/width,snippet/thumbnails/high/height,snippet/channelTitle,snippet/liveBroadcastContent,id/playlistId
youtube#searchResult,"""adhdwwnzlC1WiY00i7th8QwqOGQ/vxGX-TW55A0IGg1yAYhNH5niIqE""",youtube#video,rJbafCw9gfY,2018-04-16T17:01:00.000Z,UC_vz6SvmIkYs1_H3Wv2SKlg,9 Things to Know About 'Incredibles 2',"Learn more about how animators and creators developed and realized Pixar's latest movie, which follows Bob, Helen, Dash, Violet, and Jack Jack Parr right after the events of the original.",https://i.ytimg.com/vi/rJbafCw9gfY/default.jpg,120,90,https://i.ytimg.com/vi/rJbafCw9gfY/mqdefault.jpg,320,180,https://i.ytimg.com/vi/rJbafCw9gfY/hqdefault.jpg,480,360,IMDb,none,
youtube#searchResult,"""adhdwwnzlC1WiY00i7th8QwqOGQ/N-aGqjl4idbdv1NnAUdVX0cUxk4""",youtube#video,Yn5bkPIHgPA,2018-04-16T16:55:18.000Z,UC_vz6SvmIkYs1_H3Wv2SKlg,"Hotel Artemis (2018) | NEW TRAILER Starring Jodie Foster, Sofia Boutella, Sterling K. Brown","Set in riot-torn, near-future Los Angeles, 'Hotel Artemis' follows the Nurse (Jodie Foster), who runs a secret, members-only emergency room for criminals. The film also stars Sterling K. Brown,...",https://i.ytimg.com/vi/Yn5bkPIHgPA/default.jpg,120,90,https://i.ytimg.com/vi/Yn5bkPIHgPA/mqdefault.jpg,320,180,https://i.ytimg.com/vi/Yn5bkPIHgPA/hqdefault.jpg,480,360,IMDb,none,
youtube#searchResult,"""adhdwwnzlC1WiY00i7th8QwqOGQ/gaCqholPgU8oMByowiLnqSfXj9A""",youtube#video,QmmI7B2_fII,2018-04-14T22:01:27.000Z,UC_vz6SvmIkYs1_H3Wv2SKlg,"""Lost in Space"" 6 degrees of Separation | Cast & Crew Connections","Everyone in Hollywood may be six degrees from Kevin Bacon, but with IMDb you can connect anyone in Hollywood to everyone else. Find out how the cast and crew of ""Lost in Space"" connect to one...",https://i.ytimg.com/vi/QmmI7B2_fII/default.jpg,120,90,https://i.ytimg.com/vi/QmmI7B2_fII/mqdefault.jpg,320,180,https://i.ytimg.com/vi/QmmI7B2_fII/hqdefault.jpg,480,360,IMDb,none,
youtube#searchResult,"""adhdwwnzlC1WiY00i7th8QwqOGQ/RVkP3ofpHwDLDfz6ZOKhceRtpL4""",youtube#playlist,,2018-04-13T23:31:06.000Z,UC_vz6SvmIkYs1_H3Wv2SKlg,COMING SOON,"Get an exclusive look at cast interviews, trailers and behind-the-scenes featurettes for upcoming movies.",https://i.ytimg.com/vi/XEgt1mYTLqY/default.jpg,120,90,https://i.ytimg.com/vi/XEgt1mYTLqY/mqdefault.jpg,320,180,https://i.ytimg.com/vi/XEgt1mYTLqY/hqdefault.jpg,480,360,IMDb,none,PLRDnnvx-4xZ1W6zkTKNP1tKGebVDhvWJQ
youtube#searchResult,"""adhdwwnzlC1WiY00i7th8QwqOGQ/5Jwm0-H6zbaua_7EY6VxZj4bk7Q""",youtube#video,d6NabuqVas8,2018-04-13T17:01:54.000Z,UC_vz6SvmIkYs1_H3Wv2SKlg,"Lennie James Roles Before ""The Walking Dead"" | IMDb NO SMALL PARTS","Veteran British actor Lennie James is perhaps best known for his performance as Morgan Jones in ""The Walking Dead,"" a character that has now crossed over into ""Fear the Walking Dead."" What...",https://i.ytimg.com/vi/d6NabuqVas8/default.jpg,120,90,https://i.ytimg.com/vi/d6NabuqVas8/mqdefault.jpg,320,180,https://i.ytimg.com/vi/d6NabuqVas8/hqdefault.jpg,480,360,IMDb,none,
youtube#searchResult,"""adhdwwnzlC1WiY00i7th8QwqOGQ/PmKRrLJfO56dLvzmSik2ck0gd-8""",youtube#video,cTs-YEQq-nU,2018-04-12T17:24:13.000Z,UC_vz6SvmIkYs1_H3Wv2SKlg,Lucy Hale + Bruce Campbell + the Scariest Movie Moments | EP. 122 The IMDb Show,"Lucy Hale embraces her inner scream queen in her new horror film 'Truth or Dare,' Bruce Campbell teaches us how to be a B-movie legend, and you share your favorite scary movie moments. 1:06:...",https://i.ytimg.com/vi/cTs-YEQq-nU/default.jpg,120,90,https://i.ytimg.com/vi/cTs-YEQq-nU/mqdefault.jpg,320,180,https://i.ytimg.com/vi/cTs-YEQq-nU/hqdefault.jpg,480,360,IMDb,none,
youtube#searchResult,"""adhdwwnzlC1WiY00i7th8QwqOGQ/aaoC6ZSiNNMFbgMQ-3DVZkQFW1w""",youtube#video,T683hbFuRl0,2018-04-12T16:42:45.000Z,UC_vz6SvmIkYs1_H3Wv2SKlg,"Ocean's 8 (2018) | NEW OFFICIAL TRAILER Starring Sandra Bullock, Anne Hathaway, Cate Blanchett","Debbie Ocean gathers a crew to attempt an impossible heist at New York City's yearly Met Gala. Starring Sandra Bullock, Helena Bonham Carter, Cate Blanchett, Anne Hathaway, Sarah Paulson, Mindy...",https://i.ytimg.com/vi/T683hbFuRl0/default.jpg,120,90,https://i.ytimg.com/vi/T683hbFuRl0/mqdefault.jpg,320,180,https://i.ytimg.com/vi/T683hbFuRl0/hqdefault.jpg,480,360,IMDb,none,
youtube#searchResult,"""adhdwwnzlC1WiY00i7th8QwqOGQ/83maUSKgVqCcJ4dSQ6DrwHFihK0""",youtube#video,6v29whb6kyY,2018-04-11T20:39:39.000Z,UC_vz6SvmIkYs1_H3Wv2SKlg,"Hearts Beat Loud (2018) Starring Nick Offerman, Kiersey Clemons, Ted Danson | OFFICIAL TRAILER","In Red Hook, Brooklyn, a father and daughter become an unlikely songwriting duo in the last summer before she leaves for college.",https://i.ytimg.com/vi/6v29whb6kyY/default.jpg,120,90,https://i.ytimg.com/vi/6v29whb6kyY/mqdefault.jpg,320,180,https://i.ytimg.com/vi/6v29whb6kyY/hqdefault.jpg,480,360,IMDb,none,
youtube#searchResult,"""adhdwwnzlC1WiY00i7th8QwqOGQ/5vB42d-Xzwd3PKG4rtSoKViRHUg""",youtube#video,XEgt1mYTLqY,2018-04-11T16:55:39.000Z,UC_vz6SvmIkYs1_H3Wv2SKlg,"NEW INFINITY WAR FEATURETTE: Behind Scenes with Chris Pratt, Chris Hemsworth & more Avengers Family","In the new ""Family"" featurette, the cast of Avengers: Infinity War talks about their Marvel Cinematic Universe family and what it has meant to them over the time they have spent together making...",https://i.ytimg.com/vi/XEgt1mYTLqY/default.jpg,120,90,https://i.ytimg.com/vi/XEgt1mYTLqY/mqdefault.jpg,320,180,https://i.ytimg.com/vi/XEgt1mYTLqY/hqdefault.jpg,480,360,IMDb,none,
youtube#searchResult,"""adhdwwnzlC1WiY00i7th8QwqOGQ/Wc2bpI8xczXP9cMLrrodvqsusPQ""",youtube#video,rZN2fLKAm-g,2018-04-10T17:21:42.000Z,UC_vz6SvmIkYs1_H3Wv2SKlg,The Meg (2018) | OFFICIAL TRAILER,"A deep-sea submersible -- part of an international undersea observation program -- has been attacked by a massive creature, previously thought to be extinct, and now lies disabled at the bottom...",https://i.ytimg.com/vi/rZN2fLKAm-g/default.jpg,120,90,https://i.ytimg.com/vi/rZN2fLKAm-g/mqdefault.jpg,320,180,https://i.ytimg.com/vi/rZN2fLKAm-g/hqdefault.jpg,480,360,IMDb,none,
youtube#searchResult,"""adhdwwnzlC1WiY00i7th8QwqOGQ/0Wx3HIIadz4LsOjns_w6AReLkdo""",youtube#video,2hAA1ngaTcs,2018-04-10T00:20:30.000Z,UC_vz6SvmIkYs1_H3Wv2SKlg,'Solo' Trailer Breakdown: Wookiees & Easter Eggs | IMDbrief,"Disney has released what could very well be the final trailer for Solo: A Star Wars Story. Since it features not one Wookiee but two Wookiees, we have plenty to unpack regarding its style,...",https://i.ytimg.com/vi/2hAA1ngaTcs/default.jpg,120,90,https://i.ytimg.com/vi/2hAA1ngaTcs/mqdefault.jpg,320,180,https://i.ytimg.com/vi/2hAA1ngaTcs/hqdefault.jpg,480,360,IMDb,none,
youtube#searchResult,"""adhdwwnzlC1WiY00i7th8QwqOGQ/g3yZrsx4n2hqcsH6UgznOLI7ZE8""",youtube#video,nrmctWdCA9M,2018-04-09T22:01:52.000Z,UC_vz6SvmIkYs1_H3Wv2SKlg,The Many Cop Roles of Dean Norris,"Dean Norris of ""Breaking Bad"" has played a lot of cops throughout his acting career. The question is: how many?",https://i.ytimg.com/vi/nrmctWdCA9M/default.jpg,120,90,https://i.ytimg.com/vi/nrmctWdCA9M/mqdefault.jpg,320,180,https://i.ytimg.com/vi/nrmctWdCA9M/hqdefault.jpg,480,360,IMDb,none,
youtube#searchResult,"""adhdwwnzlC1WiY00i7th8QwqOGQ/21plJ_woeUEQP_fp4OcRY-uyGsc""",youtube#video,2MJqxCYCoKk,2018-04-07T22:00:52.000Z,UC_vz6SvmIkYs1_H3Wv2SKlg,Emily Blunt and John Krasinski Answer 'A Quiet Place' Fan Questions,"'A Quiet Place' stars Emily Blunt and John Krasinski talk about working together, acting using sign language, which movie they would love to live in, and more.",https://i.ytimg.com/vi/2MJqxCYCoKk/default.jpg,120,90,https://i.ytimg.com/vi/2MJqxCYCoKk/mqdefault.jpg,320,180,https://i.ytimg.com/vi/2MJqxCYCoKk/hqdefault.jpg,480,360,IMDb,none,
youtube#searchResult,"""adhdwwnzlC1WiY00i7th8QwqOGQ/b4eAMZoiG1Aq_m-MWQK4qFb7BGg""",youtube#video,nXT-18edeH4,2018-04-06T17:01:27.000Z,UC_vz6SvmIkYs1_H3Wv2SKlg,"Kevin Smith Interviews The Flash's Grant Gustin, Candice Patton, Carlos Valdes + Danielle Panabaker","Director Kevin Smith takes us to the set of CW's ""The Flash"" and goes behind the scenes with stars Grant Gustin, Candice Patton, Carlos Valdes, and Danielle Panabaker.",https://i.ytimg.com/vi/nXT-18edeH4/default.jpg,120,90,https://i.ytimg.com/vi/nXT-18edeH4/mqdefault.jpg,320,180,https://i.ytimg.com/vi/nXT-18edeH4/hqdefault.jpg,480,360,IMDb,none,
youtube#searchResult,"""adhdwwnzlC1WiY00i7th8QwqOGQ/VQJSeMlU4CThR_Kw2R7VDrrEj-c""",youtube#video,PkY_XXS5WDc,2018-04-05T22:01:16.000Z,UC_vz6SvmIkYs1_H3Wv2SKlg,Zefram Cochrane Invents Warp Drive | DATES IN MOVIES & TV HISTORY,"On April 5, 2063, Dr. Zefram Cochrane invented the warp drive engine, making first contact with Vulcans and allowing future generations of humanity to boldly go where no man has gone before.",https://i.ytimg.com/vi/PkY_XXS5WDc/default.jpg,120,90,https://i.ytimg.com/vi/PkY_XXS5WDc/mqdefault.jpg,320,180,https://i.ytimg.com/vi/PkY_XXS5WDc/hqdefault.jpg,480,360,IMDb,none,
youtube#searchResult,"""adhdwwnzlC1WiY00i7th8QwqOGQ/98DKhT__k1d8vrkWBj1WpXhckn0""",youtube#video,PBMOMuI0pRA,2018-04-05T18:37:00.000Z,UC_vz6SvmIkYs1_H3Wv2SKlg,Always at The Carlyle (2018) | OFFICIAL TRAILER,"The iconic Carlyle hotel has been an international destination for a particular jet-set as well as a favorite haunt of the most discernible New Yorkers. With interviews from Wes Anderson, Alan...",https://i.ytimg.com/vi/PBMOMuI0pRA/default.jpg,120,90,https://i.ytimg.com/vi/PBMOMuI0pRA/mqdefault.jpg,320,180,https://i.ytimg.com/vi/PBMOMuI0pRA/hqdefault.jpg,480,360,IMDb,none,
youtube#searchResult,"""adhdwwnzlC1WiY00i7th8QwqOGQ/ZmZ_CkCMi0G9wNN8aZzQxYl3-4k""",youtube#video,K-LF2MsqU7g,2018-04-05T17:05:53.000Z,UC_vz6SvmIkYs1_H3Wv2SKlg,"John Krasinski, Emily Blunt + Patton Oswalt + Celebrity Yearbook Photos | EP. 121 The IMDb Show","Patton Oswalt celebrates the awkwardness of high school in his new comedy ""A.P. Bio."" The cast of 'A Quiet Place' talks about surviving the apocalypse, and we quiz you on some of the greatest...",https://i.ytimg.com/vi/K-LF2MsqU7g/default.jpg,120,90,https://i.ytimg.com/vi/K-LF2MsqU7g/mqdefault.jpg,320,180,https://i.ytimg.com/vi/K-LF2MsqU7g/hqdefault.jpg,480,360,IMDb,none,
youtube#searchResult,"""adhdwwnzlC1WiY00i7th8QwqOGQ/8n1pyR3M5EfmoajKjLyr_UK9FiQ""",youtube#video,w5jtZTS0yVw,2018-03-30T22:01:27.000Z,UC_vz6SvmIkYs1_H3Wv2SKlg,"Name That Movie Emoji Game With Blockers Stars Leslie Mann, John Cena & Ike Barinholtz","'Blockers' stars Leslie Mann, John Cena, and Ike Barinholtz compete to decipher movie titles that have been translated into emojis. Can you guess the movies before they do?",https://i.ytimg.com/vi/w5jtZTS0yVw/default.jpg,120,90,https://i.ytimg.com/vi/w5jtZTS0yVw/mqdefault.jpg,320,180,https://i.ytimg.com/vi/w5jtZTS0yVw/hqdefault.jpg,480,360,IMDb,none,
youtube#searchResult,"""adhdwwnzlC1WiY00i7th8QwqOGQ/0w8bPlY4oirwG2lz3XCdPsn-vDI""",youtube#video,KqeQ3wIw1-M,2018-03-29T22:01:45.000Z,UC_vz6SvmIkYs1_H3Wv2SKlg,Tye Sheridan Roles Before 'Ready Player One' | IMDb NO SMALL PARTS,"Tye Sheridan currently stars as Wade, aka Parzival, in Steven Spielberg's adaptation of the best-selling science fiction novel ""Ready Player One."" ""No Small Parts"" takes a look at his other...",https://i.ytimg.com/vi/KqeQ3wIw1-M/default.jpg,120,90,https://i.ytimg.com/vi/KqeQ3wIw1-M/mqdefault.jpg,320,180,https://i.ytimg.com/vi/KqeQ3wIw1-M/hqdefault.jpg,480,360,IMDb,none,
youtube#searchResult,"""adhdwwnzlC1WiY00i7th8QwqOGQ/sCwDfWXWk8FT3Jg2htt06PkDAH8""",youtube#video,puKwZfTXAKQ,2018-03-29T17:06:31.000Z,UC_vz6SvmIkYs1_H3Wv2SKlg,"The IMDb Show | Episode 120: Judd Apatow, ""The Flash"" Set Tour, and 'Blockers' Movie Emoji Game","Judd Apatow celebrates the life of his mentor Garry Shandling, director Kevin Smith takes us behind the scenes of ""The Flash,"" and we challenge the cast of 'Blockers' to the movie emoji game....",https://i.ytimg.com/vi/puKwZfTXAKQ/default.jpg,120,90,https://i.ytimg.com/vi/puKwZfTXAKQ/mqdefault.jpg,320,180,https://i.ytimg.com/vi/puKwZfTXAKQ/hqdefault.jpg,480,360,IMDb,none,
youtube#searchResult,"""adhdwwnzlC1WiY00i7th8QwqOGQ/-72Zb0IBZlxflaxVboq45wNf3qc""",youtube#video,P_UedYvEcbs,2018-03-27T14:02:55.000Z,UC_vz6SvmIkYs1_H3Wv2SKlg,Danny Trejo Talks Danny Trejo | Funny or Die Presents IMDb Me,"Legendary tough guy Danny Trejo talks through some of his most famous roles, sharing behind-the-scenes stories you've never heard before, in the latest episode of ""IMDb Me."" ...",https://i.ytimg.com/vi/P_UedYvEcbs/default.jpg,120,90,https://i.ytimg.com/vi/P_UedYvEcbs/mqdefault.jpg,320,180,https://i.ytimg.com/vi/P_UedYvEcbs/hqdefault.jpg,480,360,IMDb,none,
youtube#searchResult,"""adhdwwnzlC1WiY00i7th8QwqOGQ/2OB1E2_ifVE3l8rI2eNnerAL8zk""",youtube#video,aOc8Qj_jc9Y,2018-03-26T17:02:48.000Z,UC_vz6SvmIkYs1_H3Wv2SKlg,"Jared Harris Roles Before ""The Terror"" | IMDb NO SMALL PARTS","Actor Jared Harris is perhaps best known for his role as Lane Pryce on ""Mad Men,"" and currently stars in the horror series ""The Terror."" ""No Small Parts"" takes a look at his eclectic acting career.",https://i.ytimg.com/vi/aOc8Qj_jc9Y/default.jpg,120,90,https://i.ytimg.com/vi/aOc8Qj_jc9Y/mqdefault.jpg,320,180,https://i.ytimg.com/vi/aOc8Qj_jc9Y/hqdefault.jpg,480,360,IMDb,none,
youtube#searchResult,"""adhdwwnzlC1WiY00i7th8QwqOGQ/vsDTMZz_qcQOxYKMOWe1tNXHrIg""",youtube#video,e5uLc7OeWZg,2018-03-24T17:01:14.000Z,UC_vz6SvmIkYs1_H3Wv2SKlg,"Altered Carbon Star Martha Higareda Plays ""Would You Rather?""",Martha Higareda plays a sci-fi inspired version of the classic party game Would You Rather? Will she choose the red pill or the blue pill?,https://i.ytimg.com/vi/e5uLc7OeWZg/default.jpg,120,90,https://i.ytimg.com/vi/e5uLc7OeWZg/mqdefault.jpg,320,180,https://i.ytimg.com/vi/e5uLc7OeWZg/hqdefault.jpg,480,360,IMDb,none,
youtube#searchResult,"""adhdwwnzlC1WiY00i7th8QwqOGQ/jWWWjIdh3gRoVJImNCxJv0ixHBE""",youtube#video,zmUGjzURycs,2018-03-23T23:30:51.000Z,UC_vz6SvmIkYs1_H3Wv2SKlg,Wes Anderson Trademarks | IMDb ORIGINAL,"IMDb takes a closer look at the trademarks of Wes Anderson's directorial style, including tracking shots, hand-placed objects, distinct color palettes, and more. 2018 Isle of Dogs 2016 Come...",https://i.ytimg.com/vi/zmUGjzURycs/default.jpg,120,90,https://i.ytimg.com/vi/zmUGjzURycs/mqdefault.jpg,320,180,https://i.ytimg.com/vi/zmUGjzURycs/hqdefault.jpg,480,360,IMDb,none,
youtube#searchResult,"""adhdwwnzlC1WiY00i7th8QwqOGQ/I30xzW0MVtcAFI8KzjBiWuBtyYc""",youtube#video,9JLX6EIyoRg,2018-03-23T22:41:06.000Z,UC_vz6SvmIkYs1_H3Wv2SKlg,"Krysten Ritter Roles Before ""Jessica Jones"" | IMDb NO SMALL PARTS","Krysten Ritter, who currently stars as the title character in ""Jessica Jones,"" has played a number of rebellious characters, both comedic and dramatic. Find out some other roles she's played...",https://i.ytimg.com/vi/9JLX6EIyoRg/default.jpg,120,90,https://i.ytimg.com/vi/9JLX6EIyoRg/mqdefault.jpg,320,180,https://i.ytimg.com/vi/9JLX6EIyoRg/hqdefault.jpg,480,360,IMDb,none,
youtube#searchResult,"""adhdwwnzlC1WiY00i7th8QwqOGQ/Z3KLOT3f6DSYDPtMivln8cz8mbY""",youtube#video,JvsrB0xH-eg,2018-03-22T21:09:54.000Z,UC_vz6SvmIkYs1_H3Wv2SKlg,"The IMDb Show | Episode 119: Zach Braff, Martha Higareda and the Most Bingeable TV Shows","On this week's episode of ""The IMDb Show,"" we chat with Zach Braff about tackling acting and directing on his new show ""Alex, Inc.,"" play a game of Would You Rather? with ""Altered Carbon"" star...",https://i.ytimg.com/vi/JvsrB0xH-eg/default.jpg,120,90,https://i.ytimg.com/vi/JvsrB0xH-eg/mqdefault.jpg,320,180,https://i.ytimg.com/vi/JvsrB0xH-eg/hqdefault.jpg,480,360,IMDb,none,
youtube#searchResult,"""adhdwwnzlC1WiY00i7th8QwqOGQ/YieHwk0wuEiGVv4hn51eSNtTSE8""",youtube#video,uP6llUu3s7Q,2018-03-15T20:08:55.000Z,UC_vz6SvmIkYs1_H3Wv2SKlg,The IMDb Show | Episode 118: 'Pacific Rim Uprising' Star Adria Arjona and the Robot Battle Bracket,"Adria Arjona goes head-to-head with massive monsters in 'Pacific Rim Uprising,' and John Boyega and Scott Eastwood face off in our Robot Battle Bracket.",https://i.ytimg.com/vi/uP6llUu3s7Q/default.jpg,120,90,https://i.ytimg.com/vi/uP6llUu3s7Q/mqdefault.jpg,320,180,https://i.ytimg.com/vi/uP6llUu3s7Q/hqdefault.jpg,480,360,IMDb,none,
youtube#searchResult,"""adhdwwnzlC1WiY00i7th8QwqOGQ/E1jAj-ISCJECxCRVXkt9SFvwfIA""",youtube#video,5zDGMrTivPM,2018-03-14T19:45:46.000Z,UC_vz6SvmIkYs1_H3Wv2SKlg,Adrift (2018) | OFFICIAL TRAILER,"Based on the true story of survival, a young couple's chance encounter leads them first to love, and then on the adventure of a lifetime as they face one of the most catastrophic hurricanes...",https://i.ytimg.com/vi/5zDGMrTivPM/default.jpg,120,90,https://i.ytimg.com/vi/5zDGMrTivPM/mqdefault.jpg,320,180,https://i.ytimg.com/vi/5zDGMrTivPM/hqdefault.jpg,480,360,IMDb,none,
youtube#searchResult,"""adhdwwnzlC1WiY00i7th8QwqOGQ/lRF0_IRVNxLk_pll_BWERnq-EII""",youtube#video,bWUMaN0SgRs,2018-03-14T19:30:41.000Z,UC_vz6SvmIkYs1_H3Wv2SKlg,'Mary Magdalene' Trailer With Director's Commentary,Director Garth Davis talks to IMDb about working with Rooney Mara and how her performance with Joaquin Phoenix as Jesus in 'Mary Magdalene' will be talked about for a long time.,https://i.ytimg.com/vi/bWUMaN0SgRs/default.jpg,120,90,https://i.ytimg.com/vi/bWUMaN0SgRs/mqdefault.jpg,320,180,https://i.ytimg.com/vi/bWUMaN0SgRs/hqdefault.jpg,480,360,IMDb,none,
youtube#searchResult,"""adhdwwnzlC1WiY00i7th8QwqOGQ/-StzvMxBOnIdiyt9M0Ri4NX_C_k""",youtube#video,GNAMgBuTuB4,2018-03-14T02:01:44.000Z,UC_vz6SvmIkYs1_H3Wv2SKlg,Life Itself (2018) | TEASER TRAILER,"The lives of people from New York to Spain intersect over the course of different generations. Starring: Olivia Cooke, Oscar Isaac, Olivia Wilde, Samuel L. Jackson, Mandy Patinkin, Antonio...",https://i.ytimg.com/vi/GNAMgBuTuB4/default.jpg,120,90,https://i.ytimg.com/vi/GNAMgBuTuB4/mqdefault.jpg,320,180,https://i.ytimg.com/vi/GNAMgBuTuB4/hqdefault.jpg,480,360,IMDb,none,
youtube#searchResult,"""adhdwwnzlC1WiY00i7th8QwqOGQ/XJD9LmATDCzxJMTdsCfVEAeS-00""",youtube#video,BbJxjEt24yA,2018-03-13T22:00:50.000Z,UC_vz6SvmIkYs1_H3Wv2SKlg,"The IMDb Show | ""Jessica Jones"" Star Eka Darville: Who, What, When?","Eka Darville reveals his most underrated role, his favorite souvenir from set, and where you can see him next. IMDb: http://imdb.to/2DoW2Jb.",https://i.ytimg.com/vi/BbJxjEt24yA/default.jpg,120,90,https://i.ytimg.com/vi/BbJxjEt24yA/mqdefault.jpg,320,180,https://i.ytimg.com/vi/BbJxjEt24yA/hqdefault.jpg,480,360,IMDb,none,
youtube#searchResult,"""adhdwwnzlC1WiY00i7th8QwqOGQ/UNLnUQyON5DQ3hbzUTZ_iZcry_4""",youtube#video,FzoD0Tpj_uM,2018-03-13T16:53:50.000Z,UC_vz6SvmIkYs1_H3Wv2SKlg,Fantastic Beasts: The Crimes of Grindelwald (2018) | Teaser Trailer,"The powerful dark wizard Gellert Grindelwald (Johnny Depp) has been captured by MACUSA (Magical Congress of the United States of America), with the help of Newt Scamander (Eddie Redmayne)....",https://i.ytimg.com/vi/FzoD0Tpj_uM/default.jpg,120,90,https://i.ytimg.com/vi/FzoD0Tpj_uM/mqdefault.jpg,320,180,https://i.ytimg.com/vi/FzoD0Tpj_uM/hqdefault.jpg,480,360,IMDb,none,
youtube#searchResult,"""adhdwwnzlC1WiY00i7th8QwqOGQ/6p5AOzsipAJBH15QSTuMKUoNQMM""",youtube#video,SoXQsUIxnzo,2018-03-13T16:10:58.000Z,UC_vz6SvmIkYs1_H3Wv2SKlg,Axis (2018) | OFFICIAL TRAILER,"On the morning he is set to star in a career-changing blockbuster film, an Irish actor trying to live down his rocky past confronts a series of devastating events that threaten his sobriety....",https://i.ytimg.com/vi/SoXQsUIxnzo/default.jpg,120,90,https://i.ytimg.com/vi/SoXQsUIxnzo/mqdefault.jpg,320,180,https://i.ytimg.com/vi/SoXQsUIxnzo/hqdefault.jpg,480,360,IMDb,none,
youtube#searchResult,"""adhdwwnzlC1WiY00i7th8QwqOGQ/IgfusUx5nhjUwdkLUOfJb6ji0Oc""",youtube#video,stJ1rAUd_bQ,2018-03-12T21:00:31.000Z,UC_vz6SvmIkYs1_H3Wv2SKlg,Mark Hamill on Luke Skywalker's Evolution in 'Star Wars: The Last Jedi','Star Wars: The Last Jedi' star Mark Hamill talks to IMDb at SXSW premiere of 'The Director and the Jedi' about how his portrayal of Luke Skywalker has paved the way for new actors and characters...,https://i.ytimg.com/vi/stJ1rAUd_bQ/default.jpg,120,90,https://i.ytimg.com/vi/stJ1rAUd_bQ/mqdefault.jpg,320,180,https://i.ytimg.com/vi/stJ1rAUd_bQ/hqdefault.jpg,480,360,IMDb,none,
youtube#searchResult,"""adhdwwnzlC1WiY00i7th8QwqOGQ/6A99l_V5H-usI70GeAvVEC73C3w""",youtube#video,2sqjFSwPBWM,2018-03-12T18:42:00.000Z,UC_vz6SvmIkYs1_H3Wv2SKlg,'Ready Player One' Stars Break Down Movie's Lessons About Social Media | IMDb EXCLUSIVE,"Tye Sheridan, Olivia Cooke, Lena Waithe, Win Morisaki, and Philip Zhao discuss the issues raised by Steven Spielberg's 'Ready Player One' and how the movie's message will help moviegoers of...",https://i.ytimg.com/vi/2sqjFSwPBWM/default.jpg,120,90,https://i.ytimg.com/vi/2sqjFSwPBWM/mqdefault.jpg,320,180,https://i.ytimg.com/vi/2sqjFSwPBWM/hqdefault.jpg,480,360,IMDb,none,
youtube#searchResult,"""adhdwwnzlC1WiY00i7th8QwqOGQ/aiQ1gM-OqFu-0UUTbTXoDF3TpQ4""",youtube#playlist,,2018-03-12T17:16:55.000Z,UC_vz6SvmIkYs1_H3Wv2SKlg,READY PLAYER ONE,,https://i.ytimg.com/vi/sJO-F9eVU5o/default.jpg,120,90,https://i.ytimg.com/vi/sJO-F9eVU5o/mqdefault.jpg,320,180,https://i.ytimg.com/vi/sJO-F9eVU5o/hqdefault.jpg,480,360,IMDb,none,PLRDnnvx-4xZ1_NJaS81HGl-9jpjSy7TF6
youtube#searchResult,"""adhdwwnzlC1WiY00i7th8QwqOGQ/PbB7A_zuDxjEfJFtZleNJXiSSoE""",youtube#video,sJO-F9eVU5o,2018-03-12T00:01:15.000Z,UC_vz6SvmIkYs1_H3Wv2SKlg,'Ready Player One' Cast Interview at SXSW | IMDb EXCLUSIVE,"The High Five (Tye Sheridan, Olivia Cooke, Lena Waithe, Win Morisaki, and Philip Zhao) revealed what they were doing and where they were when they found out they had scored a role in 'Ready...",https://i.ytimg.com/vi/sJO-F9eVU5o/default.jpg,120,90,https://i.ytimg.com/vi/sJO-F9eVU5o/mqdefault.jpg,320,180,https://i.ytimg.com/vi/sJO-F9eVU5o/hqdefault.jpg,480,360,IMDb,none,
youtube#searchResult,"""adhdwwnzlC1WiY00i7th8QwqOGQ/o_aScDw6R3XdLEhZYqJjJVddcG0""",youtube#video,MBVCDtf9vZM,2018-03-10T15:30:52.000Z,UC_vz6SvmIkYs1_H3Wv2SKlg,'Ready Player One' 5 Questions in 60 Seconds with Olivia Cooke,"Tim Kash of ""The IMDb Show"" challenges Olivia Cooke to a gauntlet of questions about the upcoming Steven Spielberg blockbuster, 'Ready Player One.' IMDb: http://imdb.to/2FpE4Mi.",https://i.ytimg.com/vi/MBVCDtf9vZM/default.jpg,120,90,https://i.ytimg.com/vi/MBVCDtf9vZM/mqdefault.jpg,320,180,https://i.ytimg.com/vi/MBVCDtf9vZM/hqdefault.jpg,480,360,IMDb,none,
youtube#searchResult,"""adhdwwnzlC1WiY00i7th8QwqOGQ/63bMnUlTdK50lshwuzPimwPUic0""",youtube#video,-XTTa63KFD0,2018-03-10T05:04:10.000Z,UC_vz6SvmIkYs1_H3Wv2SKlg,Through the Lens: Creating Worlds in the Films of Director Guillermo del Toro,"IMDb delves into the fantastical worlds and unique visual stylings of Oscar-nominated director Guillermo del Toro, including examples from 'The Shape of Water,' 'Hellboy,' 'Pan's Labyrinth,'...",https://i.ytimg.com/vi/-XTTa63KFD0/default.jpg,120,90,https://i.ytimg.com/vi/-XTTa63KFD0/mqdefault.jpg,320,180,https://i.ytimg.com/vi/-XTTa63KFD0/hqdefault.jpg,480,360,IMDb,none,
youtube#searchResult,"""adhdwwnzlC1WiY00i7th8QwqOGQ/nygk_2H5YBwXBtj3MEh3xfo1yFo""",youtube#video,D-C01T0kw74,2018-03-09T20:42:22.000Z,UC_vz6SvmIkYs1_H3Wv2SKlg,Steven Spielberg Trademarks | IMDb ORIGINAL,"Shooting stars, striking silhouettes, reflective perspectives, tracking shots, and more! IMDb takes a closer look at the trademarks of Steven Spielberg's directorial style. Steven Spielberg...",https://i.ytimg.com/vi/D-C01T0kw74/default.jpg,120,90,https://i.ytimg.com/vi/D-C01T0kw74/mqdefault.jpg,320,180,https://i.ytimg.com/vi/D-C01T0kw74/hqdefault.jpg,480,360,IMDb,none,
youtube#searchResult,"""adhdwwnzlC1WiY00i7th8QwqOGQ/eTrlKzyTbcBW0PPlhu_8Prbfhu0""",youtube#playlist,,2018-03-09T20:32:59.000Z,UC_vz6SvmIkYs1_H3Wv2SKlg,DIRECTOR'S TRADEMARKS | IMDb,IMDb takes a closer look at the trademarks and unique styles of Film Directors.,https://i.ytimg.com/vi/zmUGjzURycs/default.jpg,120,90,https://i.ytimg.com/vi/zmUGjzURycs/mqdefault.jpg,320,180,https://i.ytimg.com/vi/zmUGjzURycs/hqdefault.jpg,480,360,IMDb,none,PLRDnnvx-4xZ0XQCt8vy46jos_CLFX8Dhz
youtube#searchResult,"""adhdwwnzlC1WiY00i7th8QwqOGQ/lSdbVd6B7vMJXa4YyfVHMQ7XSnw""",youtube#video,5g0cKpSmu00,2018-03-09T01:00:30.000Z,UC_vz6SvmIkYs1_H3Wv2SKlg,Storm Reid Left a Big Impression on Her 'A Wrinkle in Time' Cast | IMDb EXCLUSIVE,"Oprah Winfrey, Mindy Kaling, Reese Witherspoon, Gugu Mbatha-Raw, Chris Pine, and director Ava DuVernay talk about Storm Reid, the impressive young actress at the center of 'A Wrinkle in Time.'...",https://i.ytimg.com/vi/5g0cKpSmu00/default.jpg,120,90,https://i.ytimg.com/vi/5g0cKpSmu00/mqdefault.jpg,320,180,https://i.ytimg.com/vi/5g0cKpSmu00/hqdefault.jpg,480,360,IMDb,none,
youtube#searchResult,"""adhdwwnzlC1WiY00i7th8QwqOGQ/kG-Gfm0LV9NElYy6zstC3iCKIHA""",youtube#video,csPBkZxX5Qk,2018-03-08T21:06:24.000Z,UC_vz6SvmIkYs1_H3Wv2SKlg,The IMDb Show | Episode 117: 'Thoroughbreds' and 'Ready Player One' star Olivia Cooke,Olivia Cooke takes us behind the scenes of her new wickedly funny film 'Thoroughbreds' and hints at what's to come in 'Ready Player One.' The star-studded cast of 'A Wrinkle in Time' pick...,https://i.ytimg.com/vi/csPBkZxX5Qk/default.jpg,120,90,https://i.ytimg.com/vi/csPBkZxX5Qk/mqdefault.jpg,320,180,https://i.ytimg.com/vi/csPBkZxX5Qk/hqdefault.jpg,480,360,IMDb,none,
youtube#searchResult,"""adhdwwnzlC1WiY00i7th8QwqOGQ/BPPSzNHpz7ILFA-CWc1xo9UbvV0""",youtube#video,qPfnUB-t2P0,2018-03-08T16:39:24.000Z,UC_vz6SvmIkYs1_H3Wv2SKlg,The Grinch (2018) | OFFICIAL TRAILER,A grumpy Grinch plots to ruin Christmas for the village of Whoville. IMDb: http://imdb.to/thegrinch.,https://i.ytimg.com/vi/qPfnUB-t2P0/default.jpg,120,90,https://i.ytimg.com/vi/qPfnUB-t2P0/mqdefault.jpg,320,180,https://i.ytimg.com/vi/qPfnUB-t2P0/hqdefault.jpg,480,360,IMDb,none,
youtube#searchResult,"""adhdwwnzlC1WiY00i7th8QwqOGQ/nIV6oZl6zfWscQ7Nhql2QT3gMxg""",youtube#video,0uO6kw75S1o,2018-03-07T23:30:43.000Z,UC_vz6SvmIkYs1_H3Wv2SKlg,"""Legion"" | SEASON 2 TRAILER","What do you remember? ""Legion"" Season 2 premieres April 3, 2018 on FX. IMDb: http://imdb.to/2D6gw97.",https://i.ytimg.com/vi/0uO6kw75S1o/default.jpg,120,90,https://i.ytimg.com/vi/0uO6kw75S1o/mqdefault.jpg,320,180,https://i.ytimg.com/vi/0uO6kw75S1o/hqdefault.jpg,480,360,IMDb,none,
youtube#searchResult,"""adhdwwnzlC1WiY00i7th8QwqOGQ/z_5i9nV0LRSu7sP7v13vG6aY8FQ""",youtube#video,fSCEw4bHuP4,2018-03-07T22:00:52.000Z,UC_vz6SvmIkYs1_H3Wv2SKlg,Meg Murry Is a Hero for a New Generation in 'A Wrinkle in Time',"Storm Reid, Oprah Winfrey, Reese Witherspoon, Mindy Kaling, Gugu Mbatha-Raw, and director Ava DuVernay explain how Meg Murry, the protagonist at the center of 'A Wrinkle in Time,' is a fitting...",https://i.ytimg.com/vi/fSCEw4bHuP4/default.jpg,120,90,https://i.ytimg.com/vi/fSCEw4bHuP4/mqdefault.jpg,320,180,https://i.ytimg.com/vi/fSCEw4bHuP4/hqdefault.jpg,480,360,IMDb,none,
youtube#searchResult,"""adhdwwnzlC1WiY00i7th8QwqOGQ/Cb3qK53jn7RfIo1KUx3jDp_gAgc""",youtube#video,pkfFuXA0mEc,2018-03-07T03:10:58.000Z,UC_vz6SvmIkYs1_H3Wv2SKlg,Tully (2018) | OFFICIAL TRAILER,"The film is about Marlo, a mother of three including a newborn, who is gifted a night nanny by her brother. Hesitant to the extravagance at first, Marlo comes to form a unique bond with the...",https://i.ytimg.com/vi/pkfFuXA0mEc/default.jpg,120,90,https://i.ytimg.com/vi/pkfFuXA0mEc/mqdefault.jpg,320,180,https://i.ytimg.com/vi/pkfFuXA0mEc/hqdefault.jpg,480,360,IMDb,none,
youtube#searchResult,"""adhdwwnzlC1WiY00i7th8QwqOGQ/xslSgoxaGbdjUQJtIEn--nf7Q2s""",youtube#video,Ce5am6yJy54,2018-03-05T18:13:35.000Z,UC_vz6SvmIkYs1_H3Wv2SKlg,Denzel Whitaker Was Surprised by His 'Black Panther' Flashback | 2018 OSCARS,"Actor Denzel Whitaker had a small, but pivotal role in 'Black Panther,' and it was much more than he had originally hoped for-- it included a flashback! Denzel discusses the Marvel film and...",https://i.ytimg.com/vi/Ce5am6yJy54/default.jpg,120,90,https://i.ytimg.com/vi/Ce5am6yJy54/mqdefault.jpg,320,180,https://i.ytimg.com/vi/Ce5am6yJy54/hqdefault.jpg,480,360,IMDb,none,
youtube#searchResult,"""adhdwwnzlC1WiY00i7th8QwqOGQ/om-3EonKgWT6dZl6kBUSc5Oc5lA""",youtube#video,sxiM2Skwn7Q,2018-03-05T13:00:45.000Z,UC_vz6SvmIkYs1_H3Wv2SKlg,Highlights From the 2018 Academy Awards,"Relive the most memorable moments from the 2018 Academy Awards, including the night's biggest winners, speeches, tributes, and more. IMDb: http://imdb.to/2FhFGDR.",https://i.ytimg.com/vi/sxiM2Skwn7Q/default.jpg,120,90,https://i.ytimg.com/vi/sxiM2Skwn7Q/mqdefault.jpg,320,180,https://i.ytimg.com/vi/sxiM2Skwn7Q/hqdefault.jpg,480,360,IMDb,none,
youtube#searchResult,"""adhdwwnzlC1WiY00i7th8QwqOGQ/JBJHspdbTpffOU2UffHHh-LR8Yk""",youtube#video,jKZmRmuTzBA,2018-03-05T05:25:39.000Z,UC_vz6SvmIkYs1_H3Wv2SKlg,Oscar Stars Share the Performances That Inspired Them the Most This Year,"Tiffany Haddish, Mira Sorvino, Ashley Judd, Edgar Wright, Kumail Nanjiani, Emily V. Gordon, Whoopi Goldberg, and more talk to IMDb on the Oscars red carpet and share the performances and movies...",https://i.ytimg.com/vi/jKZmRmuTzBA/default.jpg,120,90,https://i.ytimg.com/vi/jKZmRmuTzBA/mqdefault.jpg,320,180,https://i.ytimg.com/vi/jKZmRmuTzBA/hqdefault.jpg,480,360,IMDb,none,
